"Name","Team","W","L","SV","G","GS","IP","K/9","BB/9","HR/9","BABIP","LOB%","GB%","HR/FB","EV","ERA","FIP","xFIP","WAR","playerid"
"Shane Bieber","Indians","8","1","0","12","12","77.1","14.20","2.44","0.81",".267","91.1%","48.4%","15.2%","89.3","1.63","2.07","2.04","3.2","19427"
"Yu Darvish","Cubs","8","3","0","12","12","76.0","11.01","1.66","0.59",".295","83.8%","43.2%","8.8%","88.7","2.01","2.23","2.82","3.0","13074"
"Jacob deGrom","Mets","4","2","0","12","12","68.0","13.76","2.38","0.93",".288","79.7%","42.5%","13.0%","88.2","2.38","2.26","2.46","2.6","10954"
"Trevor Bauer","Reds","5","4","0","11","11","73.0","12.33","2.10","1.11",".215","90.9%","34.4%","12.0%","88.5","1.73","2.88","3.25","2.5","12703"
"Dinelson Lamet","Padres","3","1","0","12","12","69.0","12.13","2.61","0.65",".234","80.4%","36.9%","7.9%","88.7","2.09","2.48","3.30","2.4","17186"
"Corbin Burnes","Brewers","4","1","0","12","9","59.2","13.27","3.62","0.30",".285","80.1%","46.4%","4.7%","86.9","2.11","2.03","2.99","2.4","19361"
"Luis Castillo","Reds","4","6","0","12","12","70.0","11.44","3.09","0.64",".329","70.0%","58.4%","12.5%","86.0","3.21","2.65","2.82","2.4","15689"
"German Marquez","Rockies","4","6","0","13","13","81.2","8.04","2.76","0.66",".300","65.5%","50.6%","9.4%","88.8","3.75","3.28","3.83","2.3","15038"
"Zack Greinke","Astros","3","3","0","12","12","67.0","9.00","1.21","0.81",".321","68.5%","41.2%","9.2%","86.8","4.03","2.80","3.51","2.1","1943"
"Kenta Maeda","Twins","6","1","0","11","11","66.2","10.80","1.35","1.22",".208","80.2%","49.0%","18.8%","85.3","2.70","3.00","2.63","2.1","18498"
"Brandon Woodruff","Brewers","3","5","0","13","13","73.2","11.12","2.20","1.10",".269","79.2%","49.4%","14.1%","86.7","3.05","3.20","3.29","2.1","16162"
"Framber Valdez","Astros","5","3","0","11","10","70.2","9.68","2.04","0.64",".312","67.5%","60.0%","13.5%","91.4","3.57","2.85","2.94","2.0","17295"
"Aaron Nola","Phillies","5","5","0","12","12","71.1","12.11","2.90","1.14",".283","72.3%","49.7%","19.6%","88.3","3.28","3.19","2.79","2.0","16149"
"Dylan Bundy","Angels","6","3","0","11","11","65.2","9.87","2.33","0.69",".272","69.2%","40.6%","8.2%","87.0","3.29","2.95","3.75","2.0","12917"
"Marco Gonzales","Mariners","7","2","0","11","11","69.2","8.27","0.90","1.03",".263","73.1%","37.6%","9.6%","86.4","3.10","3.32","4.13","2.0","15467"
"Lucas Giolito","White Sox","4","3","0","12","12","72.1","12.07","3.48","1.00",".255","69.9%","41.3%","13.3%","87.0","3.48","3.19","3.35","2.0","15474"
"Zack Wheeler","Phillies","4","2","0","11","11","71.0","6.72","2.03","0.38",".306","74.6%","55.9%","7.5%","85.8","2.92","3.22","3.76","2.0","10310"
"Hyun-Jin Ryu","Blue Jays","5","2","0","12","12","67.0","9.67","2.28","0.81",".302","80.5%","51.1%","11.8%","87.0","2.69","3.01","3.32","1.9","14444"
"Kyle Hendricks","Cubs","6","5","0","12","12","81.1","7.08","0.89","1.11",".272","82.4%","47.1%","13.0%","86.2","2.88","3.55","3.78","1.9","12049"
"Max Scherzer","Nationals","5","4","0","12","12","67.1","12.30","3.07","1.34",".355","80.0%","33.0%","14.3%","88.5","3.74","3.46","3.53","1.8","3137"
"Tony Gonsolin","Dodgers","2","2","0","9","8","46.2","8.87","1.35","0.39",".250","72.6%","34.2%","4.0%","88.7","2.31","2.29","3.80","1.8","19388"
"Dallas Keuchel","White Sox","6","2","0","11","11","63.1","5.97","2.42","0.28",".255","81.6%","52.8%","4.7%","86.8","1.99","3.08","3.98","1.8","9434"
"Sonny Gray","Reds","5","3","0","11","11","56.0","11.57","4.18","0.64",".290","68.3%","51.1%","12.9%","86.8","3.70","3.05","3.19","1.7","12768"
"Rick Porcello","Mets","1","7","0","12","12","59.0","8.24","2.29","0.76",".373","59.5%","37.8%","7.6%","87.2","5.64","3.33","4.38","1.7","2717"
"Pablo Lopez","Marlins","6","4","0","11","11","57.1","9.26","2.83","0.63",".293","66.8%","52.2%","8.7%","85.7","3.61","3.09","3.73","1.6","17085"
"Justus Sheffield","Mariners","4","3","0","10","10","55.1","7.81","3.25","0.33",".314","72.0%","50.6%","4.4%","90.7","3.58","3.17","4.27","1.6","17285"
"Kevin Gausman","Giants","3","3","0","12","10","59.2","11.92","2.41","1.21",".296","73.0%","41.9%","15.1%","88.1","3.62","3.09","3.06","1.5","14107"
"Lance Lynn","Rangers","6","3","0","13","13","84.0","9.54","2.68","1.39",".242","79.4%","36.0%","13.8%","88.6","3.32","4.19","4.34","1.5","2520"
"Max Fried","Braves","7","0","0","11","11","56.0","8.04","3.05","0.32",".268","82.0%","53.0%","4.9%","83.4","2.25","3.10","4.05","1.5","13743"
"Zach Eflin","Phillies","4","2","0","11","10","59.0","10.68","2.29","1.22",".344","74.1%","47.4%","16.3%","87.4","3.97","3.39","3.23","1.5","13774"
"Carlos Carrasco","Indians","3","4","0","12","12","68.0","10.85","3.57","1.06",".292","85.2%","44.3%","14.3%","88.0","2.91","3.59","3.65","1.5","6632"
"Zach Plesac","Indians","4","2","0","8","8","55.1","9.27","0.98","1.30",".224","91.7%","39.3%","14.0%","87.8","2.28","3.39","3.50","1.5","19979"
"Zac Gallen","Diamondbacks","3","2","0","12","12","72.0","10.25","3.13","1.13",".266","83.6%","45.6%","15.3%","87.0","2.75","3.66","3.62","1.5","19291"
"Gerrit Cole","Yankees","7","3","0","12","12","73.0","11.59","2.10","1.73",".242","85.9%","37.4%","18.7%","90.4","2.84","3.89","3.38","1.4","13125"
"Devin Williams","Brewers","4","1","0","22","0","27.0","17.67","3.00","0.33",".194","84.3%","61.1%","10.0%","83.7","0.33","0.86","1.09","1.4","15816"
"Spencer Turnbull","Tigers","4","4","0","11","11","56.2","8.10","4.61","0.32",".285","70.5%","50.0%","4.5%","91.1","3.97","3.49","4.53","1.4","16207"
"Liam Hendriks","Athletics","3","1","14","24","0","25.1","13.14","1.07","0.36",".255","70.5%","32.0%","5.3%","90.2","1.78","1.14","2.07","1.4","3548"
"Andrew Heaney","Angels","4","3","0","12","12","66.2","9.45","2.57","1.22",".302","68.6%","39.0%","12.3%","88.6","4.46","3.79","4.15","1.4","15423"
"Clayton Kershaw","Dodgers","6","2","0","10","10","58.1","9.57","1.23","1.23",".232","82.5%","53.0%","17.4%","87.8","2.16","3.31","3.05","1.4","2036"
"Zach Davies","Padres","7","4","0","12","12","69.1","8.18","2.47","1.17",".249","78.2%","41.3%","12.9%","87.5","2.73","3.88","4.14","1.4","13183"
"Chris Bassitt","Athletics","5","2","0","11","11","63.0","7.86","2.43","0.86",".276","85.6%","43.8%","8.6%","88.2","2.29","3.59","4.49","1.3","12304"
"Brad Keller","Royals","5","3","0","9","9","54.2","5.76","2.80","0.33",".233","76.1%","52.8%","5.1%","89.2","2.47","3.43","4.33","1.3","15734"
"Julio Urias","Dodgers","3","0","0","11","10","55.0","7.36","2.95","0.82",".256","76.8%","32.9%","6.9%","87.1","3.27","3.72","5.06","1.2","14765"
"Patrick Corbin","Nationals","2","7","0","11","11","65.2","8.22","2.47","1.37",".362","76.4%","43.7%","15.2%","90.7","4.66","4.17","4.12","1.2","9323"
"Aaron Civale","Indians","4","6","0","12","12","74.0","8.39","1.95","1.34",".333","72.4%","44.2%","15.7%","87.1","4.74","4.03","3.92","1.2","19479"
"Tyler Glasnow","Rays","5","1","0","11","11","57.1","14.28","3.45","1.73",".281","78.6%","38.7%","23.4%","90.4","4.08","3.66","2.75","1.2","14374"
"Jose Berrios","Twins","5","4","0","12","12","63.0","9.71","3.71","1.14",".295","77.5%","40.4%","13.1%","88.7","4.00","4.06","4.28","1.1","14168"
"Yusei Kikuchi","Mariners","2","4","0","9","9","47.0","9.00","3.83","0.57",".306","59.9%","52.0%","9.4%","89.4","5.17","3.30","3.78","1.1","20633"
"Lance McCullers Jr.","Astros","3","3","0","11","11","55.0","9.16","3.27","0.82",".277","64.5%","59.7%","15.2%","89.3","3.93","3.70","3.68","1.1","14120"
"Raisel Iglesias","Reds","4","3","8","22","0","23.0","12.13","1.96","0.39",".283","53.4%","41.5%","5.3%","86.7","2.74","1.84","2.87","1.1","17130"
"Michael Pineda","Twins","2","0","0","5","5","26.2","8.44","2.36","0.00",".321","69.7%","38.2%","0.0%","86.0","3.38","2.22","4.46","1.1","5372"
"James Karinchak","Indians","1","2","1","27","0","27.0","17.67","5.33","0.33",".333","73.4%","23.1%","5.6%","87.7","2.67","1.52","2.33","1.1","20151"
"Antonio Senzatela","Rockies","5","3","0","12","12","73.1","5.03","2.21","1.10",".268","79.6%","50.8%","12.9%","88.3","3.44","4.57","4.81","1.1","15488"
"Sean Manaea","Athletics","4","3","0","11","11","54.0","7.50","1.33","1.17",".311","60.5%","50.3%","14.3%","90.6","4.50","3.71","3.77","1.1","15873"
"Ian Anderson","Braves","3","2","0","6","6","32.1","11.41","3.90","0.28",".250","73.0%","52.5%","4.5%","86.7","1.95","2.54","3.45","1.1","19951"
"Brad Hand","Indians","2","1","16","23","0","22.0","11.86","1.64","0.00",".255","57.9%","26.5%","0.0%","87.5","2.05","1.37","3.83","1.1","9111"
"Adam Wainwright","Cardinals","5","3","0","10","10","65.2","7.40","2.06","1.23",".247","78.8%","43.4%","13.8%","87.3","3.15","4.11","4.23","1.0","2233"
"Tyler Mahle","Reds","2","2","0","10","9","47.2","11.33","3.97","1.13",".255","75.1%","29.3%","10.3%","87.4","3.59","3.88","4.59","1.0","16358"
"Joe Musgrove","Pirates","1","5","0","8","8","39.2","12.48","3.63","1.13",".318","77.3%","48.4%","17.2%","85.1","3.86","3.42","3.19","1.0","12970"
"Brady Singer","Royals","4","5","0","12","12","64.1","8.53","3.22","1.12",".260","72.9%","53.1%","15.1%","88.5","4.06","4.08","4.05","1.0","25377"
"Kyle Freeland","Rockies","2","3","0","13","13","70.2","5.86","2.93","1.15",".305","76.3%","51.5%","15.8%","87.3","4.33","4.65","4.55","1.0","16256"
"Ryan Yarbrough","Rays","1","4","0","11","9","55.2","7.11","1.94","0.81",".295","77.3%","41.9%","10.2%","82.6","3.56","3.80","4.33","1.0","16502"
"Sixto Sanchez","Marlins","3","2","0","7","7","39.0","7.62","2.54","0.69",".303","75.9%","58.0%","9.4%","87.9","3.46","3.50","4.08","1.0","19680"
"Mike Mayers","Angels","2","0","2","29","0","30.0","12.90","2.70","0.60",".242","71.4%","32.8%","6.3%","89.0","2.10","2.19","3.38","0.9","15451"
"Drew Smyly","Giants","0","1","0","7","5","26.1","14.35","3.08","0.68",".310","68.7%","41.7%","9.5%","90.6","3.42","2.01","2.56","0.9","11760"
"Jordan Montgomery","Yankees","2","3","0","10","10","44.0","9.61","1.84","1.43",".320","65.0%","42.9%","16.7%","84.6","5.11","3.87","3.65","0.9","16511"
"Charlie Morton","Rays","2","2","0","9","9","38.0","9.95","2.37","0.95",".355","70.0%","41.6%","10.5%","89.4","4.74","3.45","4.01","0.9","4676"
"Mike Minor","- - -","1","6","0","12","11","56.2","9.85","3.18","1.75",".269","62.9%","35.9%","15.7%","87.5","5.56","4.64","4.50","0.9","10021"
"Edwin Diaz","Mets","2","1","6","26","0","25.2","17.53","4.91","0.70",".381","89.7%","43.2%","13.3%","86.6","1.75","2.18","2.29","0.9","14710"
"Sandy Alcantara","Marlins","3","2","0","7","7","42.0","8.36","3.21","0.86",".274","63.9%","49.1%","11.8%","88.8","3.00","3.72","4.04","0.9","18684"
"Nathan Eovaldi","Red Sox","4","2","0","9","9","48.1","9.68","1.30","1.49",".336","82.7%","48.9%","20.0%","90.1","3.72","3.87","3.32","0.9","9132"
"Freddy Peralta","Brewers","3","1","0","15","1","29.1","14.42","3.68","0.61",".328","67.3%","35.0%","7.7%","86.9","3.99","2.41","3.23","0.9","18679"
"Evan Marshall","White Sox","2","1","0","23","0","22.2","11.91","2.78","0.40",".291","79.6%","54.5%","7.7%","88.3","2.38","2.04","2.58","0.9","12297"
"Randy Dobnak","Twins","6","4","0","10","10","46.2","5.21","2.51","0.58",".307","73.2%","62.1%","9.4%","87.8","4.05","3.96","4.45","0.8","23798"
"Josh Lindblom","Brewers","2","4","0","12","10","45.1","10.32","3.18","1.19",".316","66.5%","26.9%","12.2%","87.8","5.16","3.88","4.24","0.8","7882"
"Jose Cisnero","Tigers","3","3","0","29","0","29.2","10.31","3.03","0.30",".293","75.1%","36.8%","3.2%","90.0","3.03","2.65","4.23","0.8","6399"
"Masahiro Tanaka","Yankees","3","3","0","10","10","48.0","8.25","1.50","1.69",".291","72.7%","43.3%","16.4%","88.5","3.56","4.42","4.19","0.8","15764"
"Jesus Luzardo","Athletics","3","2","0","12","9","59.0","9.00","2.59","1.37",".306","78.0%","45.2%","17.6%","88.9","4.12","4.19","3.88","0.8","19959"
"Steven Brault","Pirates","1","3","0","11","10","42.2","8.02","4.64","0.42",".243","73.3%","49.1%","5.9%","85.8","3.38","3.92","4.85","0.8","15291"
"Keegan Akin","Orioles","1","2","0","8","6","25.2","12.27","3.51","1.05",".358","62.1%","34.8%","10.7%","91.4","4.56","3.27","3.85","0.8","19362"
"Griffin Canning","Angels","2","3","0","11","11","56.1","8.95","3.67","1.28",".307","73.4%","36.3%","11.8%","88.9","3.99","4.33","4.81","0.8","19867"
"Tyler Clippard","Twins","2","1","0","26","2","26.0","9.00","1.38","0.69",".258","69.3%","29.4%","5.9%","86.5","2.77","2.65","4.17","0.8","5640"
"Deivi Garcia","Yankees","3","2","0","6","6","34.1","8.65","1.57","1.57",".290","65.5%","33.3%","12.2%","89.4","4.98","4.15","4.63","0.8","20276"
"Tyler Matzek","Braves","4","3","0","21","0","29.0","13.34","3.10","0.31",".338","77.4%","43.1%","4.3%","86.7","2.79","1.92","3.00","0.8","10058"
"Trevor Rosenthal","- - -","1","0","11","23","0","23.2","14.45","3.04","0.76",".238","82.4%","39.5%","9.5%","90.5","1.90","2.22","2.83","0.7","10745"
"Greg Holland","Royals","3","0","6","28","0","28.1","9.85","2.22","0.32",".271","76.9%","51.4%","4.8%","89.8","1.91","2.52","3.49","0.7","7196"
"Tyler Anderson","Giants","4","3","0","13","11","59.2","6.18","3.77","0.75",".286","68.8%","28.5%","6.1%","86.8","4.37","4.36","5.93","0.7","12880"
"Rich Hill","Twins","2","2","0","8","8","38.2","7.22","3.96","0.70",".240","78.9%","40.6%","7.7%","86.8","3.03","3.99","4.93","0.7","4806"
"Mike Clevinger","- - -","3","2","0","8","8","41.2","8.64","3.02","1.30",".275","85.9%","34.3%","14.6%","88.2","3.02","4.15","4.18","0.7","12808"
"Tyler Duffey","Twins","1","1","0","22","0","24.0","11.63","2.25","0.75",".212","81.4%","55.6%","16.7%","93.5","1.88","2.57","2.45","0.7","13758"
"Jonathan Brubaker","Pirates","1","3","0","11","9","47.1","9.13","3.23","1.14",".321","68.8%","46.7%","14.3%","87.1","4.94","4.08","4.14","0.7","17578"
"Garrett Richards","Padres","2","2","0","14","10","51.1","8.06","2.98","1.23",".284","76.5%","40.1%","13.5%","89.8","4.03","4.28","4.46","0.7","9784"
"Brent Suter","Brewers","2","0","0","16","4","31.2","10.80","1.42","1.14",".321","75.7%","51.2%","19.0%","84.5","3.13","3.00","2.64","0.7","13942"
"Hector Neris","Phillies","2","2","5","24","0","21.2","11.22","5.40","0.00",".381","59.5%","41.9%","0.0%","89.3","4.57","2.50","4.10","0.7","11804"
"Ryan Pressly","Astros","1","3","12","23","0","21.0","12.43","3.00","0.86",".365","72.5%","48.1%","12.5%","89.7","3.43","2.81","3.04","0.7","7005"
"Phil Maton","Indians","3","3","0","23","0","21.2","13.29","2.49","0.42",".415","60.1%","44.4%","6.3%","82.7","4.57","2.22","3.05","0.7","18064"
"Jake McGee","Dodgers","3","1","0","24","0","20.1","14.61","1.33","0.89",".293","77.5%","40.5%","11.1%","92.3","2.66","1.67","2.10","0.7","7550"
"Vince Velasquez","Phillies","1","1","0","9","7","34.0","12.18","4.50","1.32",".373","71.4%","39.8%","15.6%","87.9","5.56","4.16","4.07","0.7","11189"
"Dane Dunning","White Sox","2","0","0","7","7","34.0","9.26","3.44","1.06",".239","66.9%","45.1%","13.3%","87.8","3.97","3.99","4.16","0.7","19409"
"Kwang-hyun Kim","Cardinals","3","0","1","8","7","39.0","5.54","2.77","0.69",".217","86.6%","50.0%","9.1%","87.1","1.62","3.88","4.52","0.6","27458"
"Jonathan Hernandez","Rangers","5","1","0","27","0","31.0","9.00","2.32","0.58",".275","78.3%","45.7%","6.1%","87.6","2.90","3.19","4.41","0.6","17464"
"Mike Fiers","Athletics","6","3","0","11","11","59.0","5.64","2.44","1.37",".293","74.6%","35.0%","10.6%","88.6","4.58","4.94","5.73","0.6","7754"
"Logan Webb","Giants","3","4","0","13","11","54.1","7.62","3.98","0.66",".345","62.5%","51.8%","10.8%","88.4","5.47","4.17","4.52","0.6","17995"
"Rafael Dolis","Blue Jays","2","2","5","24","0","24.0","11.63","5.25","0.38",".283","74.3%","50.0%","5.3%","85.4","1.50","3.02","4.01","0.6","4185"
"Taijuan Walker","- - -","4","3","0","11","11","53.1","8.44","3.21","1.35",".243","78.5%","39.1%","13.1%","88.4","2.70","4.56","4.82","0.6","11836"
"Victor Gonzalez","Dodgers","3","0","0","15","1","20.1","10.18","0.89","0.00",".250","83.3%","69.2%","0.0%","86.8","1.33","1.67","2.71","0.6","16408"
"Tejay Antone","Reds","0","3","0","13","4","35.1","11.46","4.08","1.02",".216","83.3%","48.7%","12.5%","86.7","2.80","3.64","3.92","0.6","16233"
"Nick Margevicius","Mariners","2","3","0","10","7","41.1","7.84","3.05","1.31",".281","71.1%","37.3%","12.2%","89.2","4.57","4.35","4.75","0.6","20395"
"Merrill Kelly","Diamondbacks","3","2","0","5","5","31.1","8.33","1.44","1.44",".247","92.0%","45.6%","15.2%","88.5","2.59","3.99","3.95","0.6","11156"
"J.A. Happ","Yankees","2","2","0","9","9","49.1","7.66","2.74","1.46",".223","81.3%","44.4%","16.7%","88.1","3.47","4.57","4.34","0.6","7410"
"Matt Wisler","Twins","0","1","1","18","4","25.1","12.43","4.97","0.71",".241","99.3%","23.6%","5.7%","86.3","1.07","3.35","4.99","0.6","12804"
"Daniel Norris","Tigers","3","1","0","14","1","27.2","9.11","2.28","0.65",".291","75.3%","55.7%","9.5%","90.6","3.25","2.87","3.39","0.6","13475"
"Jack Flaherty","Cardinals","4","3","0","9","9","40.1","10.93","3.57","1.34",".281","68.8%","42.6%","23.1%","87.7","4.91","4.11","3.42","0.6","17479"
"Jaime Barria","Angels","1","0","0","7","5","32.1","7.52","2.51","0.84",".261","73.2%","34.0%","7.1%","88.9","3.62","3.66","4.95","0.6","18356"
"Matt Foster","White Sox","6","1","0","23","2","28.2","9.73","2.83","0.63",".209","76.6%","35.8%","7.1%","87.2","2.20","2.88","3.85","0.6","19647"
"Triston McKenzie","Indians","2","1","0","8","6","33.1","11.34","2.43","1.62",".217","84.1%","40.0%","17.1%","86.0","3.24","3.91","3.60","0.6","18000"
"Brett Anderson","Brewers","4","4","0","10","10","47.0","6.13","1.91","1.15",".293","71.9%","57.7%","14.6%","89.1","4.21","4.38","4.41","0.6","8223"
"Blake Snell","Rays","4","2","0","11","11","50.0","11.34","3.24","1.80",".286","89.1%","49.2%","29.4%","87.8","3.24","4.35","3.06","0.6","13543"
"Caleb Thielbar","Twins","2","1","0","17","0","20.0","9.90","4.05","0.00",".275","73.9%","26.5%","0.0%","85.1","2.25","2.34","4.56","0.6","10078"
"Chris Stratton","Pirates","2","1","0","27","0","30.0","11.70","3.90","0.90",".303","57.5%","46.8%","12.0%","89.7","3.90","3.19","3.50","0.6","13761"
"Alex Colome","White Sox","2","0","12","21","0","22.1","6.45","3.22","0.00",".200","86.4%","52.4%","0.0%","87.4","0.81","2.97","4.26","0.6","6661"
"Alex Cobb","Orioles","2","5","0","10","10","52.1","6.54","3.10","1.38",".275","74.0%","54.5%","22.2%","91.3","4.30","4.87","4.21","0.6","6562"
"Peter Fairbanks","Rays","6","3","0","27","2","26.2","13.16","4.73","0.68",".350","82.9%","46.8%","9.5%","89.8","2.70","3.04","3.58","0.6","17998"
"Danny Duffy","Royals","4","4","0","12","11","56.1","9.11","3.51","1.60",".285","69.8%","31.9%","13.7%","88.7","4.95","4.75","4.94","0.6","3542"
"Richard Rodriguez","Pirates","3","2","4","24","0","23.1","13.11","1.93","1.16",".245","78.7%","39.2%","15.0%","91.7","2.70","2.85","2.83","0.5","13549"
"Felix Pena","Angels","3","0","2","25","0","26.2","9.79","2.70","0.68",".333","72.3%","49.4%","9.1%","88.3","4.05","3.00","3.62","0.5","13403"
"Taylor Rogers","Twins","2","4","9","21","0","20.0","10.80","1.80","0.90",".400","60.3%","41.9%","11.1%","89.5","4.05","2.84","3.28","0.5","13449"
"Dylan Floro","Dodgers","3","0","0","25","0","24.1","7.03","1.48","0.37",".297","78.1%","56.0%","6.7%","84.6","2.59","2.66","3.31","0.5","13394"
"Adbert Alzolay","Cubs","1","1","0","6","4","21.1","12.23","5.48","0.42",".256","73.2%","43.2%","7.7%","89.2","2.95","3.05","3.62","0.5","17859"
"Tommy Hunter","Phillies","0","1","1","24","0","24.2","9.12","2.19","0.73",".303","70.9%","43.1%","10.5%","90.6","4.01","3.31","3.74","0.5","1157"
"Codi Heuer","White Sox","3","0","1","21","0","23.2","9.51","3.42","0.38",".193","86.7%","50.0%","5.9%","88.1","1.52","2.77","3.60","0.5","23293"
"Yency Almonte","Rockies","3","0","1","24","0","27.2","7.48","1.95","0.65",".291","67.3%","56.3%","8.3%","87.6","2.93","3.44","4.18","0.5","15068"
"Joakim Soria","Athletics","2","2","2","22","0","22.1","9.67","4.03","0.40",".279","75.2%","27.4%","3.1%","88.0","2.82","2.97","5.15","0.5","6941"
"Wander Suero","Nationals","2","0","0","22","0","23.2","10.65","3.80","0.38",".317","72.8%","36.7%","4.3%","88.8","3.80","3.02","4.35","0.5","15855"
"Walker Buehler","Dodgers","1","0","0","8","8","36.2","10.31","2.70","1.72",".198","68.7%","35.5%","17.9%","90.0","3.44","4.36","3.93","0.5","19374"
"Jake Arrieta","Phillies","4","4","0","9","9","44.1","6.50","3.25","1.22",".333","72.1%","51.8%","17.6%","88.9","5.08","4.66","4.38","0.5","4153"
"Kenley Jansen","Dodgers","3","1","11","27","0","24.1","12.21","3.33","0.74",".309","70.9%","25.0%","7.1%","82.7","3.33","3.03","4.18","0.5","3096"
"Austin Gomber","Cardinals","1","1","0","14","4","29.0","8.38","4.66","0.31",".243","86.7%","48.6%","4.0%","90.0","1.86","3.54","4.75","0.5","16561"
"Ryan Brasier","Red Sox","1","0","0","25","1","25.0","10.80","3.96","0.72",".328","71.4%","37.7%","8.0%","91.1","3.96","3.15","4.04","0.5","5615"
"Daniel Bard","Rockies","4","2","6","23","0","24.2","9.85","3.65","0.73",".313","77.6%","48.5%","8.7%","90.1","3.65","3.64","4.38","0.5","7115"
"Tommy Milone","- - -","1","4","0","9","9","39.0","9.23","1.38","2.08",".371","57.5%","32.8%","17.3%","89.2","6.69","4.76","4.33","0.5","7608"
"Jake Diekman","Athletics","2","0","0","21","0","21.1","13.08","5.06","0.42",".179","96.9%","61.5%","7.1%","86.0","0.42","2.72","3.38","0.5","5003"
"Luke Weaver","Diamondbacks","1","9","0","12","12","52.0","9.52","3.12","1.73",".349","63.2%","32.3%","12.8%","89.8","6.58","4.67","5.06","0.5","16918"
"Aaron Slegers","Rays","0","0","2","11","1","26.0","6.58","1.73","0.35",".230","63.6%","54.1%","5.3%","86.1","3.46","3.04","3.95","0.5","15231"
"David Peterson","Mets","6","2","0","10","9","49.2","7.25","4.35","0.91",".233","76.8%","44.4%","10.2%","87.4","3.44","4.52","5.11","0.5","20302"
"Kris Bubic","Royals","1","6","0","10","10","50.0","8.82","3.96","1.44",".312","72.5%","46.6%","17.0%","87.1","4.32","4.75","4.48","0.5","21455"
"Elieser Hernandez","Marlins","1","0","0","6","6","25.2","11.92","1.75","1.75",".267","85.7%","33.8%","17.2%","91.8","3.16","3.89","3.54","0.5","16933"
"Tyler Rogers","Giants","3","3","3","29","0","28.0","8.68","1.93","0.64",".345","65.4%","55.3%","10.5%","85.8","4.50","3.26","3.64","0.5","15541"
"Michael Lorenzen","Reds","3","1","0","18","2","33.2","9.36","4.54","0.80",".297","70.8%","48.4%","9.4%","84.4","4.28","3.87","4.55","0.5","14843"
"Blake Treinen","Dodgers","3","3","1","27","0","25.2","7.71","2.81","0.35",".297","57.0%","64.0%","9.1%","84.8","3.86","3.15","3.47","0.5","12572"
"Johnny Cueto","Giants","2","3","0","12","12","63.1","7.96","3.69","1.28",".284","63.3%","40.8%","13.8%","87.9","5.40","4.64","4.78","0.5","6893"
"Cristian Javier","Astros","5","2","0","12","10","54.1","8.94","2.98","1.82",".194","86.2%","29.0%","15.3%","86.9","3.48","4.94","4.86","0.5","17606"
"Anthony Bass","Blue Jays","2","3","7","26","0","25.2","7.36","3.16","0.70",".221","56.0%","62.3%","8.7%","89.3","3.51","3.62","4.33","0.5","7982"
"Frankie Montas","Athletics","3","5","0","11","11","53.0","10.19","3.91","1.70",".329","68.7%","36.8%","17.5%","88.1","5.60","4.74","4.36","0.5","14309"
"Kyle Cody","Rangers","1","1","0","8","5","22.2","7.15","5.16","0.40",".233","86.5%","47.5%","4.2%","88.9","1.59","3.90","5.37","0.5","19686"
"Jon Gray","Rockies","2","4","0","8","8","39.0","5.08","2.54","1.38",".293","54.4%","36.7%","11.3%","90.3","6.69","5.06","5.68","0.5","14916"
"Anthony Misiewicz","Mariners","0","2","0","21","0","20.0","11.25","2.70","0.90",".367","74.4%","28.0%","10.0%","89.5","4.05","3.04","3.67","0.5","18152"
"Kyle Zimmer","Royals","1","0","0","16","1","23.0","10.17","3.91","0.00",".259","84.0%","50.0%","0.0%","88.0","1.57","2.37","3.62","0.4","14169"
"Cal Quantrill","- - -","2","0","1","18","3","32.0","8.72","2.25","1.13",".303","82.4%","44.4%","12.1%","85.5","2.25","3.91","4.27","0.4","19312"
"Josh Tomlin","Braves","2","2","0","17","5","39.2","8.17","1.82","1.36",".304","66.5%","38.5%","12.5%","88.9","4.76","4.02","4.39","0.4","9388"
"A.J. Minter","Braves","1","1","0","22","0","21.2","9.97","3.74","0.42",".275","92.9%","49.0%","5.9%","84.5","0.83","2.82","3.74","0.4","18655"
"Adrian Houser","Brewers","1","6","0","12","11","56.0","7.07","3.38","1.29",".325","61.2%","58.5%","24.2%","86.3","5.30","4.82","4.10","0.4","12718"
"Trevor May","Twins","1","0","2","24","0","23.1","14.66","2.70","1.93",".326","80.0%","25.5%","21.7%","91.1","3.86","3.62","2.74","0.4","6398"
"Dustin May","Dodgers","3","1","0","12","10","56.0","7.07","2.57","1.45",".234","89.1%","54.7%","21.4%","87.9","2.57","4.62","3.98","0.4","19716"
"J.B. Wendelken","Athletics","1","1","0","21","0","25.0","11.16","3.96","0.72",".242","79.4%","46.0%","8.0%","86.0","1.80","3.07","3.96","0.4","14506"
"Bryan Garcia","Tigers","2","1","4","26","0","21.2","4.98","4.15","0.00",".257","79.3%","43.5%","0.0%","86.4","1.66","3.61","5.74","0.4","19457"
"Martin Perez","Red Sox","3","5","0","12","12","62.0","6.68","4.06","1.16",".266","70.9%","38.5%","12.5%","86.3","4.50","4.88","5.20","0.4","6902"
"Stefan Crichton","Diamondbacks","2","2","5","26","0","26.0","7.96","3.12","0.35",".292","83.3%","47.9%","4.5%","89.0","2.42","3.42","4.55","0.4","16058"
"Lucas Sims","Reds","3","0","0","20","0","25.2","11.92","3.86","1.05",".192","74.6%","41.8%","12.0%","87.3","2.45","3.70","4.06","0.4","13470"
"Travis Lakins","Orioles","3","2","1","22","0","25.2","8.77","4.56","0.70",".311","78.0%","38.2%","9.1%","90.0","2.81","4.01","4.65","0.4","18600"
"Trevor Rogers","Marlins","1","2","0","7","7","28.0","12.54","4.18","1.61",".380","67.5%","47.4%","20.8%","87.3","6.11","4.33","3.67","0.4","22286"
"Dakota Hudson","Cardinals","3","2","0","8","8","39.0","7.15","3.46","1.15",".192","81.8%","56.7%","15.6%","89.1","2.77","4.50","4.41","0.4","19206"
"Tanner Scott","Orioles","0","0","1","25","0","20.2","10.02","4.35","0.44",".224","84.7%","58.0%","8.3%","85.1","1.31","3.48","3.97","0.4","17586"
"Trevor Cahill","Giants","1","2","0","11","6","25.0","11.16","5.04","1.08",".232","79.1%","33.3%","12.5%","87.5","3.24","4.19","4.48","0.4","6249"
"John Curtiss","Rays","3","0","2","17","3","25.0","9.00","1.08","1.08",".273","87.2%","42.0%","13.0%","92.0","1.80","3.35","3.57","0.4","16128"
"Kolby Allard","Rangers","0","6","0","11","8","33.2","8.55","5.35","1.07",".284","49.6%","32.7%","8.5%","89.1","7.75","4.71","5.85","0.4","18694"
"Scott Barlow","Royals","2","1","2","32","0","30.0","11.70","2.70","1.20",".324","74.1%","47.3%","16.0%","86.8","4.20","3.42","3.30","0.4","14993"
"Josh Staumont","Royals","2","1","0","26","0","25.2","12.97","5.61","0.70",".333","85.6%","28.6%","6.9%","94.4","2.45","3.54","4.71","0.4","18335"
"Seth Lugo","Mets","3","4","3","16","7","36.2","11.54","2.45","1.96",".344","73.5%","48.5%","29.6%","90.0","5.15","4.45","3.03","0.4","12447"
"Chris Paddack","Padres","4","5","0","12","12","59.0","8.85","1.83","2.14",".289","75.4%","47.1%","25.0%","90.9","4.73","5.02","3.77","0.3","20099"
"Kyle Finnegan","Nationals","1","0","0","25","0","24.2","9.85","4.74","0.73",".297","77.6%","50.8%","11.1%","87.9","2.92","3.76","4.11","0.3","15009"
"Josh Fleming","Rays","5","0","0","7","5","32.1","6.96","1.95","1.39",".250","89.7%","63.5%","22.7%","86.0","2.78","4.40","3.70","0.3","20418"
"Shane Greene","Braves","1","0","0","28","0","27.2","6.83","2.93","0.65",".267","79.5%","42.7%","7.4%","87.9","2.60","3.81","4.75","0.3","10756"
"Enoli Paredes","Astros","3","3","0","22","0","20.2","8.71","4.79","0.44",".298","73.4%","43.9%","5.9%","89.4","3.05","3.63","4.58","0.3","20447"
"Brusdar Graterol","Dodgers","1","2","0","23","2","23.1","5.01","1.16","0.39",".250","66.4%","62.3%","6.7%","88.8","3.09","3.41","4.09","0.3","20367"
"Chris Mazza","Red Sox","1","2","0","9","6","30.0","8.70","4.50","0.90",".356","70.5%","33.3%","8.8%","86.4","4.80","4.26","5.14","0.3","14151"
"Ryan Tepera","Cubs","0","1","0","21","0","20.2","13.50","5.23","0.87",".349","77.2%","40.0%","18.2%","90.3","3.92","3.34","3.10","0.3","10291"
"Jose Urquidy","Astros","1","1","0","5","5","29.2","5.16","2.43","1.21",".209","86.6%","35.6%","10.8%","89.8","2.73","4.71","5.36","0.3","18413"
"Paul Fry","Orioles","1","0","0","22","0","22.0","11.86","3.68","1.23",".339","89.9%","57.6%","18.8%","88.6","2.45","3.69","3.32","0.3","15832"
"James Paxton","Yankees","1","1","0","5","5","20.1","11.51","3.10","1.77",".365","55.1%","32.1%","14.3%","90.7","6.64","4.37","4.47","0.3","11828"
"Thomas Hatch","Blue Jays","3","1","0","17","1","26.1","7.86","4.44","0.68",".232","72.8%","44.3%","7.7%","86.4","2.73","4.14","5.06","0.3","19264"
"Pierce Johnson","Padres","3","1","0","24","0","20.0","12.15","4.05","0.90",".310","80.2%","29.5%","11.1%","89.1","2.70","3.14","3.58","0.3","13435"
"Kyle Gibson","Rangers","2","6","0","12","12","67.1","7.75","4.01","1.60",".313","70.5%","51.5%","26.7%","88.2","5.35","5.39","4.36","0.3","10123"
"Jorge Alcala","Twins","2","1","0","16","0","24.0","10.13","3.00","1.13",".321","84.7%","37.9%","13.0%","86.7","2.63","3.57","3.79","0.3","19459"
"Craig Stammen","Padres","4","2","0","24","0","24.0","7.50","1.50","0.75",".325","56.3%","59.5%","13.3%","88.2","5.63","3.36","3.48","0.3","7274"
"Jorge Lopez","- - -","2","2","0","10","6","39.0","6.46","2.77","1.62",".315","56.6%","48.8%","17.5%","92.8","6.69","5.24","4.89","0.3","14527"
"Miguel Castro","- - -","2","2","1","26","0","24.2","13.86","4.74","1.46",".407","82.4%","50.8%","21.1%","91.0","4.01","3.92","3.30","0.3","15684"
"Jon Lester","Cubs","3","3","0","12","12","61.0","6.20","2.51","1.62",".276","71.4%","47.0%","15.1%","88.9","5.16","5.14","5.11","0.3","4930"
"A.J. Cole","Blue Jays","3","0","1","24","0","23.1","7.71","3.47","1.16",".254","79.8%","32.3%","9.7%","86.7","3.09","4.31","5.20","0.3","11467"
"Mark Melancon","Braves","2","1","11","23","0","22.2","5.56","2.78","0.40",".296","77.7%","59.4%","6.7%","88.9","2.78","3.72","4.42","0.3","4264"
"John Means","Orioles","2","4","0","10","10","43.2","8.66","1.44","2.47",".216","82.8%","43.9%","21.8%","88.2","4.53","5.60","4.45","0.3","16269"
"Tanner Rainey","Nationals","1","1","0","20","0","20.1","14.16","3.10","1.77",".129","96.2%","31.4%","25.0%","91.2","2.66","3.78","2.74","0.3","17610"
"Tyler Webb","Cardinals","1","1","1","21","0","21.2","7.89","2.91","0.83",".254","89.6%","40.0%","8.7%","85.7","2.08","3.61","4.45","0.3","14974"
"Matt Andriese","Angels","2","4","2","16","1","32.0","9.28","3.09","1.41",".211","61.5%","45.7%","16.7%","89.4","4.50","4.29","4.06","0.3","12022"
"Brooks Raley","- - -","0","1","1","21","0","20.0","12.15","2.70","1.35",".227","58.5%","39.1%","17.6%","81.8","4.95","3.94","3.63","0.2","10061"
"Gregory Soto","Tigers","0","1","2","27","0","23.0","11.35","5.09","0.78",".269","70.9%","53.7%","14.3%","91.3","4.30","3.76","3.80","0.2","19677"
"Jimmy Cordero","White Sox","1","2","0","30","0","26.2","7.43","3.04","0.68",".352","56.9%","49.4%","9.1%","84.5","6.08","3.87","4.48","0.2","15690"
"Tyler Kinley","Rockies","0","2","0","24","0","23.2","9.89","4.56","0.76",".208","51.6%","46.3%","9.5%","86.9","5.32","3.99","4.61","0.2","18297"
"Chad Green","Yankees","3","3","1","22","0","25.2","11.22","2.81","1.75",".145","57.1%","42.4%","17.9%","87.7","3.51","4.17","3.74","0.2","15552"
"Luis Cessa","Yankees","0","0","1","16","0","21.2","7.06","2.91","0.83",".269","70.2%","39.7%","7.4%","88.9","3.32","3.79","4.99","0.2","13345"
"Jeremy Jeffress","Cubs","4","1","8","22","0","23.1","6.56","4.63","0.39",".161","84.1%","54.4%","7.1%","89.9","1.54","4.09","4.69","0.2","9490"
"Aaron Loup","Rays","3","2","0","24","0","25.0","7.92","1.44","1.08",".219","75.8%","39.7%","15.0%","86.9","2.52","3.83","3.81","0.2","10343"
"Anibal Sanchez","Nationals","4","5","0","11","11","53.0","7.30","3.06","1.87",".347","67.5%","39.7%","15.7%","89.0","6.62","5.46","5.30","0.2","3284"
"Nik Turley","Pirates","0","3","1","25","0","21.2","8.31","4.57","0.42",".211","54.7%","33.3%","3.8%","89.1","4.98","3.88","5.60","0.2","5530"
"Alec Mills","Cubs","5","5","0","11","11","62.1","6.64","2.74","1.88",".233","77.1%","47.3%","21.3%","86.9","4.48","5.44","4.61","0.2","13834"
"Daniel Castano","Marlins","1","2","0","7","6","29.2","3.64","3.34","0.91",".270","78.8%","46.6%","9.7%","89.4","3.03","4.81","5.51","0.2","19805"
"Caleb Baragar","Giants","5","1","0","24","1","22.1","7.66","2.01","1.21",".233","69.1%","20.6%","8.1%","90.1","4.03","4.04","5.49","0.2","19231"
"Sergio Romo","Twins","1","2","5","24","0","20.0","10.35","3.15","1.35",".255","78.0%","31.5%","11.5%","86.6","4.05","4.34","4.90","0.2","9817"
"Lou Trivino","Athletics","0","0","0","20","0","23.1","10.03","3.86","1.16",".241","73.4%","40.4%","13.6%","87.7","3.86","3.92","4.07","0.2","15043"
"Chasen Shreve","Mets","1","0","0","17","0","25.0","12.24","4.32","1.44",".250","72.6%","41.8%","18.2%","90.8","3.96","3.99","3.61","0.2","10855"
"Wes Benjamin","Rangers","2","1","0","8","1","22.1","8.46","2.82","1.61",".303","74.8%","35.3%","13.3%","90.6","4.84","4.58","4.84","0.1","19243"
"Grant Dayton","Braves","2","1","0","18","0","27.1","10.54","3.62","1.32",".261","88.0%","25.0%","9.8%","87.4","2.30","4.07","5.06","0.1","11203"
"Jonathan Loaisiga","Yankees","3","0","0","12","3","23.0","8.61","2.74","1.17",".281","75.5%","50.8%","17.6%","84.6","3.52","4.41","4.14","0.1","19753"
"Buck Farmer","Tigers","1","0","0","23","0","21.1","5.91","2.11","1.27",".254","76.9%","52.2%","14.3%","90.2","3.80","4.41","4.48","0.1","14814"
"Eric Yardley","Brewers","2","0","0","24","0","23.1","7.33","3.86","0.77",".262","88.2%","61.2%","15.4%","88.5","1.54","4.09","4.05","0.1","15538"
"Yusmeiro Petit","Athletics","2","1","0","26","0","21.2","7.06","2.08","1.25",".254","100.0%","33.3%","9.7%","87.5","1.66","4.11","5.07","0.1","4020"
"Ryan Thompson","Rays","1","2","1","25","1","26.1","7.86","2.73","1.37",".316","70.1%","59.0%","21.1%","87.1","4.44","4.33","3.75","0.1","16647"
"Jeff Hoffman","Rockies","2","1","1","16","0","21.1","8.44","3.80","1.27",".414","51.5%","36.1%","10.7%","92.3","9.28","4.69","5.39","0.1","17432"
"Trevor Richards","Rays","0","0","0","9","4","32.0","7.59","3.09","1.69",".358","66.5%","32.1%","12.8%","89.3","5.91","4.97","5.37","0.1","19309"
"Andre Scrubb","Astros","1","0","1","20","0","23.2","9.13","7.61","0.38",".246","89.3%","47.4%","5.3%","87.3","1.90","4.25","5.25","0.1","20329"
"Adam Plutko","Indians","2","2","1","10","4","27.2","4.88","2.28","1.63",".284","74.2%","23.9%","11.9%","88.7","4.88","5.32","5.90","0.1","15846"
"Junior Guerra","Diamondbacks","1","2","0","25","0","23.2","7.99","5.70","0.38",".250","73.6%","50.8%","7.1%","86.4","3.04","4.12","4.71","0.1","5702"
"Cole Sulser","Orioles","1","5","5","19","0","22.2","7.54","6.75","0.79",".242","51.3%","37.7%","7.7%","86.9","5.56","4.91","5.98","0.1","15256"
"Luke Jackson","Braves","2","0","0","19","0","26.1","6.84","4.44","0.68",".389","60.5%","61.9%","11.1%","90.0","6.84","4.37","4.70","0.1","11752"
"Noe Ramirez","Angels","1","0","0","21","0","21.0","6.00","3.86","0.86",".220","81.1%","40.0%","8.3%","87.4","3.00","4.52","5.49","0.1","12800"
"Michael King","Yankees","1","2","0","9","4","26.2","8.78","3.71","1.69",".325","55.6%","40.2%","15.2%","87.0","7.76","5.14","5.09","0.1","19853"
"Phillips Valdez","Red Sox","1","1","0","24","0","30.1","8.90","4.75","0.89",".353","75.3%","46.6%","12.0%","84.8","3.26","4.38","4.68","0.1","15605"
"Nick Wittgren","Indians","2","0","0","25","0","23.2","10.65","2.28","1.52",".255","85.5%","32.8%","17.4%","89.3","3.42","4.42","4.09","0.1","15594"
"Dan Altavilla","- - -","2","3","1","22","0","20.1","10.62","5.31","1.33",".300","62.0%","35.8%","13.6%","91.1","5.75","4.52","4.69","0.1","16507"
"Michael Wacha","Mets","1","4","0","8","7","34.0","9.79","1.85","2.38",".366","68.4%","35.5%","20.5%","87.9","6.62","5.25","4.30","0.1","14078"
"Johan Oviedo","Cardinals","0","3","0","5","5","24.2","5.84","3.65","1.09",".269","60.3%","39.5%","11.1%","91.8","5.47","5.30","5.83","0.1","22487"
"Wandy Peralta","Giants","1","1","0","25","0","27.1","8.23","3.62","0.99",".260","71.4%","45.9%","14.3%","85.6","3.29","4.22","4.27","0.1","14295"
"Sam Howard","Pirates","2","3","0","22","0","21.0","11.57","3.86","1.71",".277","81.2%","30.0%","17.4%","87.7","3.86","4.81","4.45","0.0","16265"
"Blake Taylor","Astros","2","1","1","22","0","20.2","7.40","5.23","0.87",".196","81.1%","50.9%","9.5%","83.0","2.18","4.55","5.25","0.0","16418"
"Matthew Boyd","Tigers","3","7","0","12","12","60.1","8.95","3.28","2.24",".308","65.8%","37.2%","19.7%","87.4","6.71","5.78","4.97","0.0","15440"
"Taylor Clarke","Diamondbacks","3","0","0","12","5","43.1","8.31","4.36","1.66",".237","73.7%","42.6%","17.4%","89.8","4.36","5.20","4.85","0.0","17611"
"Emilio Pagan","Padres","0","1","2","22","0","22.0","9.41","3.68","1.64",".196","69.0%","29.1%","13.8%","89.2","4.50","4.69","4.87","0.0","14771"
"Chad Kuhl","Pirates","2","3","0","11","9","46.1","8.55","5.44","1.55",".235","72.5%","42.9%","19.0%","89.5","4.27","5.48","4.98","0.0","14975"
"Jake Newberry","Royals","1","0","1","20","0","22.0","9.82","4.91","1.23",".321","73.8%","37.5%","13.0%","88.9","4.09","4.69","4.93","0.0","15136"
"Josh A. Smith","Marlins","1","1","1","16","1","26.1","6.15","3.76","1.03",".341","58.8%","41.1%","10.0%","87.4","6.84","4.67","5.39","0.0","10946"
"Huascar Ynoa","Braves","0","0","0","9","5","21.2","7.06","5.40","0.83",".318","68.2%","54.4%","10.5%","87.8","5.82","4.90","5.39","0.0","20468"
"Matt Strahm","Padres","0","1","0","19","0","20.2","6.53","1.74","1.31",".196","90.4%","44.1%","14.3%","86.3","2.61","4.93","5.01","0.0","13799"
"Ryne Harper","Nationals","1","0","0","23","0","23.2","9.51","3.42","1.90",".343","56.3%","33.8%","15.6%","86.9","7.61","5.09","4.95","0.0","12680"
"Spencer Howard","Phillies","1","2","0","6","6","24.1","8.51","3.70","2.22",".329","73.6%","38.0%","20.0%","87.1","5.92","5.86","5.03","0.0","23252"
"Duane Underwood Jr.","Cubs","1","0","0","17","0","20.2","11.76","2.61","2.18",".408","76.0%","38.9%","22.7%","92.0","5.66","4.74","3.65","0.0","14677"
"Daniel Ponce de Leon","Cardinals","1","3","0","9","8","32.2","12.40","5.51","2.20",".221","79.9%","28.0%","19.5%","88.6","4.96","5.64","4.88","0.0","16110"
"Matt Shoemaker","Blue Jays","0","1","0","6","6","28.2","8.16","2.83","2.51",".194","75.8%","48.1%","29.6%","87.7","4.71","5.95","4.14","0.0","4776"
"Diego Castillo","Rays","3","0","4","22","0","21.2","9.55","4.57","1.25",".176","100.0%","60.4%","20.0%","84.4","1.66","4.53","4.06","0.0","17496"
"Genesis Cabrera","Cardinals","4","1","1","19","0","22.1","12.90","6.45","1.21",".171","81.4%","34.1%","16.7%","84.0","2.42","4.76","4.57","-0.1","17490"
"Jordan Lyles","Rangers","1","6","0","12","9","57.2","5.62","3.59","1.87",".285","57.2%","39.9%","15.0%","89.6","7.02","5.95","5.92","-0.1","7593"
"Anthony Kay","Blue Jays","2","0","0","13","0","21.0","9.43","6.00","1.29",".322","72.3%","37.1%","11.5%","88.7","5.14","4.95","5.48","-0.1","20387"
"Tom Eshelman","Orioles","3","1","0","12","4","34.2","4.15","2.34","1.82",".245","78.9%","35.9%","14.3%","88.5","3.89","5.76","5.86","-0.1","18361"
"Tarik Skubal","Tigers","1","4","0","8","7","32.0","10.41","3.09","2.53",".253","70.4%","27.7%","20.0%","89.6","5.63","5.75","4.81","-0.1","22267"
"Jeffrey Springs","Red Sox","0","2","0","16","0","20.1","12.39","3.10","2.21",".431","64.5%","35.5%","22.7%","86.5","7.08","4.81","3.70","-0.1","17677"
"Jonathan Holder","Yankees","3","0","0","18","0","21.2","5.82","4.57","1.25",".301","72.3%","47.4%","12.5%","86.9","4.98","5.22","5.56","-0.1","16588"
"Jose Urena","Marlins","0","3","0","5","5","23.1","5.79","5.01","1.54",".257","70.1%","46.6%","15.4%","90.6","5.40","6.06","5.98","-0.1","11589"
"Ryan Weber","Red Sox","1","3","0","17","5","43.0","5.65","2.93","1.67",".271","76.3%","52.5%","19.0%","91.1","4.40","5.54","5.01","-0.1","10160"
"Gio Gonzalez","White Sox","1","2","0","12","4","31.2","9.66","5.40","1.71",".370","79.8%","42.3%","20.7%","86.3","4.83","5.50","4.80","-0.1","7448"
"Wade LeBlanc","Orioles","1","0","0","6","6","22.1","5.24","3.22","2.42",".280","58.0%","35.0%","19.4%","86.1","8.06","6.73","5.91","-0.1","5221"
"Mychal Givens","- - -","1","1","1","22","0","22.1","10.07","4.03","2.01",".216","85.7%","23.2%","15.2%","87.3","3.63","5.48","5.41","-0.1","10430"
"Matt Barnes","Red Sox","1","3","9","24","0","23.0","12.13","5.48","1.57",".275","73.9%","45.3%","23.5%","91.3","4.30","4.84","4.01","-0.1","12863"
"Jeurys Familia","Mets","2","0","0","25","0","26.2","7.76","6.41","0.68",".247","79.1%","60.0%","10.5%","85.9","3.71","4.92","5.32","-0.1","5114"
"Anthony DeSclafani","Reds","1","2","0","9","7","33.2","6.68","4.28","1.87",".318","65.7%","38.9%","17.9%","89.6","7.22","6.10","5.63","-0.1","13050"
"David Phelps","- - -","2","4","0","22","0","20.2","13.50","2.18","3.05",".293","59.2%","47.9%","41.2%","85.0","6.53","5.47","2.65","-0.1","6316"
"Chase Anderson","Blue Jays","1","2","0","10","7","33.2","10.16","2.67","2.94",".362","66.5%","36.5%","28.9%","87.9","7.22","6.16","4.09","-0.1","6895"
"Tyler Alexander","Tigers","2","3","0","14","2","36.1","8.42","2.23","1.98",".320","88.2%","44.8%","20.5%","89.1","3.96","5.26","4.46","-0.1","17735"
"Asher Wojciechowski","Orioles","1","3","0","10","7","37.0","7.54","3.65","2.68",".309","70.2%","30.3%","20.0%","88.4","6.81","6.68","5.68","-0.1","10836"
"Geoff Hartlieb","Pirates","1","0","0","21","0","22.1","7.66","7.66","0.40",".254","73.8%","59.3%","8.3%","88.7","3.63","5.03","5.48","-0.1","19558"
"Ty Buttrey","Angels","2","3","5","27","0","26.1","6.15","3.08","1.37",".300","61.7%","47.0%","17.4%","90.1","5.81","4.94","4.65","-0.1","14719"
"Jared Hughes","Mets","1","2","0","18","0","22.1","8.46","5.64","1.21",".303","66.1%","56.5%","15.8%","84.6","4.84","5.61","5.50","-0.1","9325"
"Casey Mize","Tigers","0","3","0","7","7","28.1","8.26","4.13","2.22",".268","59.1%","38.6%","22.6%","88.6","6.99","6.47","5.37","-0.1","20492"
"Kyle Wright","Braves","2","4","0","8","8","38.0","7.11","5.68","1.66",".262","73.2%","44.6%","19.4%","87.1","5.21","5.90","5.33","-0.1","19665"
"Carlos Estevez","Rockies","1","3","1","26","0","24.0","10.13","3.38","2.25",".380","65.6%","31.2%","19.4%","91.8","7.50","5.69","4.93","-0.2","14542"
"Nick Nelson","Yankees","1","0","0","11","0","20.2","7.84","4.79","1.74",".281","70.9%","55.7%","26.7%","88.0","4.79","5.56","4.45","-0.2","20153"
"Jakob Junis","Royals","0","2","0","8","6","25.1","6.75","2.13","2.49",".350","75.3%","44.8%","25.0%","89.2","6.39","6.23","4.77","-0.2","13619"
"Alex Young","Diamondbacks","2","4","0","15","7","46.1","7.58","2.72","2.14",".288","71.1%","36.9%","17.7%","90.0","5.44","5.57","5.06","-0.2","18333"
"Brandon Kintzler","Marlins","2","3","12","24","0","24.1","5.18","4.07","1.11",".247","89.9%","57.3%","15.0%","86.4","2.22","5.00","4.98","-0.2","9939"
"Steve Cishek","White Sox","0","0","0","22","0","20.0","9.45","4.05","1.80",".309","77.5%","32.2%","13.8%","89.2","5.40","5.64","5.84","-0.2","6483"
"Austin Voth","Nationals","2","5","0","11","11","49.2","7.97","3.26","2.54",".297","72.4%","28.9%","17.9%","89.4","6.34","6.41","5.78","-0.2","15047"
"Yohan Ramirez","Mariners","0","0","3","16","0","20.2","11.32","8.71","1.31",".146","93.8%","13.6%","10.7%","86.6","2.61","6.05","6.77","-0.2","19444"
"Carlos Martinez","Cardinals","0","3","0","5","5","20.0","7.65","4.50","2.70",".366","47.6%","51.3%","26.1%","88.5","9.90","6.89","5.21","-0.2","11682"
"Nick Vincent","Marlins","1","2","3","21","0","22.1","6.85","2.42","2.01",".286","82.6%","33.8%","18.5%","90.5","4.43","5.52","4.94","-0.2","7555"
"Mitch Keller","Pirates","1","1","0","5","5","21.2","6.65","7.48","1.66",".104","93.8%","44.2%","16.0%","88.5","2.91","6.75","6.57","-0.2","17594"
"Tyler Zuber","Royals","1","2","0","23","0","22.0","12.27","8.18","1.64",".250","82.2%","38.3%","23.5%","88.9","4.09","5.69","4.82","-0.2","20379"
"Ross Stripling","- - -","3","3","1","12","9","49.1","7.30","3.28","2.37",".291","66.9%","39.9%","22.8%","91.2","5.84","6.15","4.95","-0.2","13273"
"Patrick Sandoval","Angels","1","5","0","9","6","36.2","8.10","2.95","2.45",".260","65.7%","55.3%","32.3%","88.1","5.65","5.92","4.00","-0.3","19447"
"Colten Brewer","Red Sox","0","3","0","11","4","25.2","8.77","4.91","2.10",".329","77.1%","48.8%","31.6%","89.2","5.61","6.04","4.42","-0.3","12997"
"Michael Fulmer","Tigers","0","2","0","10","10","27.2","6.51","3.90","2.60",".389","66.2%","36.0%","22.2%","90.8","8.78","6.91","5.66","-0.3","13218"
"Erick Fedde","Nationals","2","4","0","11","8","50.1","5.01","3.93","1.79",".233","81.0%","54.2%","23.3%","89.6","4.29","6.15","5.22","-0.3","17425"
"Robbie Erlin","- - -","0","0","0","9","5","26.2","8.44","2.36","2.70",".313","58.4%","28.7%","18.6%","89.8","8.10","6.23","5.44","-0.3","10354"
"Derek Holland","Pirates","1","3","0","12","5","40.2","9.96","3.32","2.66",".288","62.5%","37.4%","26.1%","92.5","6.86","6.14","4.49","-0.3","4141"
"Taylor Widener","Diamondbacks","0","1","0","12","0","20.0","9.90","5.40","2.25",".196","86.4%","37.3%","20.0%","86.8","4.50","6.49","5.65","-0.3","19266"
"Justin Dunn","Mariners","4","1","0","10","10","45.2","7.49","6.11","1.97",".179","82.0%","32.3%","16.7%","92.0","4.34","6.54","6.23","-0.3","19268"
"Jake Woodford","Cardinals","1","0","0","12","1","21.0","6.86","2.14","3.00",".228","78.9%","45.3%","29.2%","89.9","5.57","6.72","4.59","-0.3","18674"
"Jairo Diaz","Rockies","1","2","4","24","0","20.0","7.65","6.30","1.80",".397","63.7%","42.0%","18.2%","89.8","7.65","6.64","6.16","-0.3","12774"
"T.J. McFarland","Athletics","2","0","0","23","0","20.2","3.92","2.18","2.18",".292","88.0%","59.7%","27.8%","90.8","4.35","6.34","4.87","-0.4","3237"
"Touki Toussaint","Braves","0","2","0","7","5","24.1","11.10","5.92","2.59",".323","52.4%","38.8%","33.3%","89.2","8.88","7.05","4.98","-0.4","16929"
"Trevor Williams","Pirates","2","8","0","11","11","55.1","7.97","3.42","2.44",".313","70.0%","44.6%","24.2%","87.2","6.18","6.30","4.94","-0.4","16977"
"Robbie Ray","- - -","2","5","0","12","11","51.2","11.85","7.84","2.26",".323","73.0%","24.3%","18.6%","91.6","6.62","6.50","5.84","-0.4","11486"
"Daniel Hudson","Nationals","3","2","10","21","0","20.2","12.19","4.79","2.61",".205","68.0%","18.4%","21.4%","91.3","6.10","6.29","5.13","-0.4","7146"
"Dylan Cease","White Sox","5","4","0","12","12","58.1","6.79","5.25","1.85",".238","81.7%","39.8%","18.2%","89.8","4.01","6.36","5.87","-0.4","18525"
"Hector Rondon","Diamondbacks","1","0","0","23","0","20.0","10.35","4.95","2.70",".339","66.4%","35.5%","24.0%","91.5","7.65","6.59","5.10","-0.4","2391"
"Shun Yamaguchi","Blue Jays","2","4","0","17","0","25.2","9.12","5.96","2.10",".319","57.0%","39.2%","18.8%","89.1","8.06","6.43","5.79","-0.4","27460"
"Rony Garcia","Tigers","1","0","0","15","2","21.0","6.00","3.86","3.00",".273","57.9%","33.3%","24.1%","90.0","8.14","7.48","5.81","-0.4","20430"
"Tanner Roark","Blue Jays","2","3","0","11","11","47.2","7.74","4.34","2.64",".329","70.3%","35.9%","20.3%","89.2","6.80","6.86","5.84","-0.4","8753"
"Zack Godley","Red Sox","0","4","0","8","7","28.2","8.79","4.40","2.83",".371","71.1%","40.8%","23.7%","88.9","8.16","7.10","5.57","-0.4","14862"
"Reynaldo Lopez","White Sox","1","3","0","8","8","26.1","8.20","5.13","3.08",".264","73.2%","34.6%","22.0%","91.1","6.49","7.63","6.19","-0.5","16400"
"Brandon Bielak","Astros","3","3","0","12","6","32.0","7.31","4.78","2.53",".319","70.5%","36.3%","21.4%","87.7","6.75","7.00","5.88","-0.5","19866"
"Joe Jimenez","Tigers","1","3","5","25","0","22.2","8.74","2.38","2.78",".295","64.9%","30.9%","24.1%","92.1","7.15","6.72","5.17","-0.5","15761"
"Madison Bumgarner","Diamondbacks","1","4","0","9","9","41.2","6.48","2.81","2.81",".266","73.2%","31.9%","22.0%","89.5","6.48","7.18","5.85","-0.5","5524"
"Ryan Castellani","Rockies","1","4","0","10","9","43.1","5.19","5.40","2.49",".207","74.2%","37.6%","21.1%","90.9","5.82","7.78","6.72","-0.6","16377"
"Steven Matz","Mets","0","5","0","9","6","30.2","10.57","2.93","4.11",".341","58.6%","32.6%","37.8%","91.5","9.68","7.76","4.15","-0.7","13361"
"Julio Teheran","Angels","0","4","0","10","9","31.1","5.74","4.60","3.45",".273","54.7%","35.5%","27.3%","89.0","10.05","8.62","6.35","-0.9","6797"
